Workbook

Sheet Dashboard
B2: AI-Powered Bug Tracker — Sprint Tracker
B3: AIBT-2026 | Project: Alok Ranjan | April 2026 | v1.0
B5: Sprint Summary — live progress (auto-calculated from tracker sheets)
B6: Sprint | C6: Title | D6: Phase | E6: Tasks | F6: Done | G6: Progress
B7: Sprint 1 | C7: Foundation & Auth | D7: Backend | E7: 13 | F7: =COUNTIF('S1-Auth'!D8:D20,"Done") | G7: =IFERROR(F7/13,0)
B8: Sprint 2 | C8: Bug CRUD APIs | D8: Backend | E8: 10 | F8: =COUNTIF('S2-BugCRUD'!D8:D17,"Done") | G8: =IFERROR(F8/10,0)
B9: Sprint 3 | C9: User Management APIs | D9: Backend | E9: 6 | F9: =COUNTIF('S3-UserMgmt'!D8:D13,"Done") | G9: =IFERROR(F9/6,0)
B10: Sprint 4 | C10: AI Integration | D10: Backend | E10: 8 | F10: =COUNTIF('S4-AI'!D8:D15,"Done") | G10: =IFERROR(F10/8,0)
B11: Sprint 5 | C11: Playwright Test Runner | D11: Backend | E11: 8 | F11: =COUNTIF('S5-Playwright'!D8:D15,"Done") | G11: =IFERROR(F11/8,0)
B12: Sprint 6 | C12: Email Notifications | D12: Backend | E12: 8 | F12: =COUNTIF('S6-Email'!D8:D15,"Done") | G12: =IFERROR(F12/8,0)
B13: Sprint 7 | C13: Testing & Hardening | D13: Backend | E13: 8 | F13: =COUNTIF('S7-Hardening'!D8:D15,"Done") | G13: =IFERROR(F13/8,0)
B14: Sprint 8 | C14: Setup & Auth UI | D14: Frontend | E14: 9 | F14: =COUNTIF('S8-FE-Auth'!D8:D16,"Done") | G14: =IFERROR(F14/9,0)
B15: Sprint 9 | C15: Admin Dashboard | D15: Frontend | E15: 10 | F15: =COUNTIF('S9-Admin'!D8:D17,"Done") | G15: =IFERROR(F15/10,0)
B16: Sprint 10 | C16: Developer Dashboard | D16: Frontend | E16: 9 | F16: =COUNTIF('S10-DevDash'!D8:D16,"Done") | G16: =IFERROR(F16/9,0)
B17: Sprint 11 | C17: Tester Dashboard | D17: Frontend | E17: 9 | F17: =COUNTIF('S11-Tester'!D8:D16,"Done") | G17: =IFERROR(F17/9,0)
B18: Sprint 12 | C18: Polish & QA | D18: Frontend | E18: 10 | F18: =COUNTIF('S12-Polish'!D8:D17,"Done") | G18: =IFERROR(F18/10,0)
B19: TOTAL PROJECT | E19: 108 | F19: =SUM(F7:F18) | G19: =IFERROR(F19/108,0)
B21: STATUS LEGEND
B22: To Do | C22: In Progress | D22: Done | E22: Blocked
B24: HOW TO USE
B25: 1. Click any Sprint name above to jump directly to that sprint's task list.
B26: 2. On each sprint sheet, change the STATUS dropdown for each task (To Do / In Progress / Done / Blocked).
B27: 3. Dashboard progress % and Done counts update automatically via formulas — no manual entry needed.
B28: 4. Use the ASSIGNED TO column to note who owns each task.
B29: 5. Use the NOTES column for blockers, PR links, or completion notes.
B30: 6. PRIORITY is pre-filled (first 3 tasks = High, next 4 = Medium, rest = Low) — adjust as needed.

Sheet S1-Auth
B2: Sprint 1 — Foundation & Auth
B3: Phase 1 — Backend | AI-Powered Bug Tracker (AIBT-2026) | Check off tasks as you complete them
B4: Tasks | D4: Completed | F4: Progress
B5: Total Tasks: 13 | D5: =COUNTIF(D8:D20,"Done") | F5: =IFERROR(D5/13,"0%")
B7: # | C7: Task Description | D7: Status | E7: Priority | F7: Assigned To | G7: Notes
B8: 1 | C8: Create Spring Boot 3 project (Initializr: Web, JPA, Security, Validation, Lombok, PostgreSQL) | D8: Done | E8: High
B9: 2 | C9: Configure application.properties — datasource, JPA DDL, server port | D9: Done | E9: High
B10: 3 | C10: Design JPA entity: User (id UUID, name, email, password, role ENUM, phone, createdAt) | D10: Done | E10: High
B11: 4 | C11: Design JPA entity: Bug (id UUID, title, description, severity, status, assignedTo FK, createdBy FK, timestamps) | D11: Done | E11: Medium
B12: 5 | C12: Design JPA entity: TestScript (id UUID, bugId FK, code TEXT, status ENUM, logs TEXT, executedAt) | D12: Done | E12: Medium
B13: 6 | C13: Implement Spring Security — SecurityFilterChain, JwtAuthFilter, JwtUtil | D13: Done | E13: Medium
B14: 7 | C14: Token blacklist service for logout (in-memory Set or Redis) | D14: Done | E14: Medium
B15: 8 | C15: Auth endpoint: POST /api/auth/signup (Tester only) | D15: Done | E15: Low
B16: 9 | C16: Auth endpoint: POST /api/auth/login (all roles, returns JWT) | D16: Done | E16: Low
B17: 10 | C17: Auth endpoint: POST /api/auth/logout (invalidate token) | D17: Done | E17: Low
B18: 11 | C18: Role-based route protection: ADMIN, DEVELOPER, TESTER mapped to endpoint patterns | D18: Done | E18: Low
B19: 12 | C19: Global exception handler (@RestControllerAdvice) — 401, 403, 404, 400 | D19: Done | E19: Low
B20: 13 | C20: Unit tests for JwtUtil and AuthService | D20: Done | E20: Low

Sheet S2-BugCRUD
B2: Sprint 2 — Bug CRUD APIs
B3: Phase 1 — Backend | AI-Powered Bug Tracker (AIBT-2026) | Check off tasks as you complete them
B4: Tasks | D4: Completed | F4: Progress
B5: Total Tasks: 10 | D5: =COUNTIF(D8:D17,"Done") | F5: =IFERROR(D5/10,"0%")
B7: # | C7: Task Description | D7: Status | E7: Priority | F7: Assigned To | G7: Notes
B8: 1 | C8: POST /api/bugs — create bug (Admin or Tester) with field validation | D8: Done | E8: High
B9: 2 | C9: GET /api/bugs — list all bugs (Admin); scoped list for Developer and Tester | D9: Done | E9: High
B10: 3 | C10: GET /api/bugs/{id} — get single bug with associated TestScript | D10: Done | E10: High
B11: 4 | C11: PUT /api/bugs/{id} — full update (Admin only): title, description, severity, assignee, status | D11: Done | E11: Medium
B12: 5 | C12: DELETE /api/bugs/{id} — hard delete with cascade to TestScript (Admin only) | D12: Done | E12: Medium
B13: 6 | C13: PATCH /api/bugs/{id}/status — Developer updates: Open / In Progress / Resolved / Closed | D13: Done | E13: Medium
B14: 7 | C14: PATCH /api/bugs/{id}/cancel — Tester withdraws own bug (status = Withdrawn) | D14: Done | E14: Medium
B15: 8 | C15: Request/response DTOs for all endpoints (manual mapping or MapStruct) | D15: Done | E15: Low
B16: 9 | C16: @Valid + custom constraint validators: severity enum, status transition rules | D16: Done | E16: Low
B17: 10 | C17: Integration tests for all Bug endpoints using MockMvc | D17: Done | E17: Low

Sheet S3-UserMgmt
B2: Sprint 3 — User Management APIs
B3: Phase 1 — Backend | AI-Powered Bug Tracker (AIBT-2026) | Check off tasks as you complete them
B4: Tasks | D4: Completed | F4: Progress
B5: Total Tasks: 6 | D5: =COUNTIF(D8:D13,"Done") | F5: =IFERROR(D5/6,"0%")
B7: # | C7: Task Description | D7: Status | E7: Priority | F7: Assigned To | G7: Notes
B8: 1 | C8: GET /api/users — list all users (Admin): id, name, email, role, phone, createdAt | D8: Done | E8: High
B9: 2 | C9: PUT /api/users/{id} — Admin updates user: only email and phone editable | D9: Done | E9: High
B10: 3 | C10: DELETE /api/users/{id} — Admin hard-deletes user; prevent self-deletion | D10: Done | E10: High
B11: 4 | C11: PATCH /api/users/password — Tester changes own password with bcrypt verify | D11: Done | E11: Medium
B12: 5 | C12: Password change validation: min-length, reject re-use of current password | D12: Done | E12: Medium
B13: 6 | C13: Unit tests for UserService; integration tests for all User endpoints | D13: Done | E13: Medium

Sheet S4-AI
B2: Sprint 4 — AI Integration
B3: Phase 1 — Backend | AI-Powered Bug Tracker (AIBT-2026) | Check off tasks as you complete them
B4: Tasks | D4: Completed | F4: Progress
B5: Total Tasks: 8 | D5: =COUNTIF(D8:D15,"Done") | F5: =IFERROR(D5/8,"0%")
B7: # | C7: Task Description | D7: Status | E7: Priority | F7: Assigned To | G7: Notes
B8: 1 | C8: AiService: build prompt from bug title + description | D8: Done | E8: High
B9: 2 | C9: Call Claude / Gemini / OpenAI API via RestTemplate or WebClient | D9: Done | E9: High
B10: 3 | C10: Parse AI response: extract raw Playwright JS code block and sanitise | D10: Done | E10: High
B11: 4 | C11: Save TestScript entity (code=AI output, status=PENDING) immediately after bug save | D11: Done | E11: Medium
B12: 5 | C12: Make AI call asynchronous (@Async + ThreadPoolTaskExecutor) — bug returns 201 instantly | D12: Done | E12: Medium
B13: 6 | C13: Handle AI API timeout (10s) and errors: mark status=AI_FAILED, do not block bug save | D13: Done | E13: Medium
B14: 7 | C14: Config: AI provider URL, API key, model, temperature — all from application.properties / env | D14: Done | E14: Medium
B15: 8 | C15: Unit tests for AiService with mocked HTTP client | D15: Done | E15: Low

Sheet S5-Playwright
B2: Sprint 5 — Playwright Test Runner
B3: Phase 1 — Backend | AI-Powered Bug Tracker (AIBT-2026) | Check off tasks as you complete them
B4: Tasks | D4: Completed | F4: Progress
B5: Total Tasks: 8 | D5: =COUNTIF(D8:D15,"Done") | F5: =IFERROR(D5/8,"0%")
B7: # | C7: Task Description | D7: Status | E7: Priority | F7: Assigned To | G7: Notes
B8: 1 | C8: PlaywrightRunnerService: write AI JS code to temp file /tmp/aibt/<bugId>.spec.js | D8: Done | E8: High
B9: 2 | C9: Execute via ProcessBuilder: ['node', tempFilePath] with 30s timeout | D9: Done | E9: High
B10: 3 | C10: Capture stdout + stderr; parse exit code: 0=PASS, non-zero=FAIL | D10: Done | E10: High
B11: 4 | C11: Update TestScript: status=PASS/FAIL, logs=<output>, executedAt=now() | D11: Done | E11: Medium
B12: 5 | C12: Chain execution immediately after AI generation (CompletableFuture chain) | D12: Done | E12: Medium
B13: 6 | C13: GET /api/bugs/{id}/test-result — returns TestScript for frontend polling | D13: Done | E13: Medium
B14: 7 | C14: Verify Node.js and Playwright installed in runtime; document setup steps in README | D14: Done | E14: Medium
B15: 8 | C15: Integration test: submit dummy bug, verify TestScript status transitions | D15: Done | E15: Low

Sheet S6-Email
B2: Sprint 6 — Email Notifications
B3: Phase 1 — Backend | AI-Powered Bug Tracker (AIBT-2026) | Check off tasks as you complete them
B4: Tasks | D4: Completed | F4: Progress
B5: Total Tasks: 8 | D5: =COUNTIF(D8:D15,"Done") | F5: =IFERROR(D5/8,"0%")
B7: # | C7: Task Description | D7: Status | E7: Priority | F7: Assigned To | G7: Notes
B8: 1 | C8: EmailService: wrap Brevo SMTP or Brevo Transactional REST API; inject credentials from env | D8: Done | E8: High
B9: 2 | C9: Email template 1 — Bug Created: to assigned Developer (title, severity, description, link) | D9: Done | E9: High
B10: 3 | C10: Email template 2 — Bug Updated (Admin edit): to Developer + Tester (changed fields) | D10: Done | E10: High
B11: 4 | C11: Email template 3 — Status Changed (Dev action): to Tester + Admin (new status highlighted) | D11: Done | E11: Medium
B12: 5 | C12: Email template 4 — Bug Withdrawn (Tester cancel): to assigned Developer | D12: Done | E12: Medium
B13: 6 | C13: Email template 5 — Test Result: to Tester (PASS/FAIL badge, truncated logs) | D13: Done | E13: Medium
B14: 7 | C14: All emails sent asynchronously (@Async) — do not block API response | D14: Done | E14: Medium
B15: 8 | C15: Integration test: mock Brevo API, verify correct recipients and subjects per event | D15: Done | E15: Low

Sheet S7-Hardening
B2: Sprint 7 — Testing & Hardening
B3: Phase 1 — Backend | AI-Powered Bug Tracker (AIBT-2026) | Check off tasks as you complete them
B4: Tasks | D4: Completed | F4: Progress
B5: Total Tasks: 8 | D5: =COUNTIF(D8:D15,"Done") | F5: =IFERROR(D5/8,"0%")
B7: # | C7: Task Description | D7: Status | E7: Priority | F7: Assigned To | G7: Notes
B8: 1 | C8: @PreAuthorize on every controller method verified against role matrix | D8: To Do | E8: High
B9: 2 | C9: JWT expiry, signature validation, and blacklist tested under adversarial inputs | D9: To Do | E9: High
B10: 3 | C10: Input sanitisation: reject script tags and SQL patterns in free-text fields | D10: To Do | E10: High
B11: 4 | C11: Rate limiting on POST /api/auth/login (5 attempts/min via Bucket4j or custom filter) | D11: To Do | E11: Medium
B12: 5 | C12: CORS configuration: whitelist React dev server and production domain only | D12: To Do | E12: Medium
B13: 6 | C13: Full integration test suite: auth, bug CRUD, AI mock, email mock, test runner mock | D13: To Do | E13: Medium
B14: 7 | C14: SpringDoc OpenAPI / Swagger UI at /swagger-ui.html — document all endpoints | D14: To Do | E14: Medium
B15: 8 | C15: Code review, refactor, and performance baseline check (CRUD < 200ms) | D15: To Do | E15: Low

Sheet S8-FE-Auth
B2: Sprint 8 — Setup & Auth UI
B3: Phase 2 — Frontend | AI-Powered Bug Tracker (AIBT-2026) | Check off tasks as you complete them
B4: Tasks | D4: Completed | F4: Progress
B5: Total Tasks: 9 | D5: =COUNTIF(D8:D16,"Done") | F5: =IFERROR(D5/9,"0%")
B7: # | C7: Task Description | D7: Status | E7: Priority | F7: Assigned To | G7: Notes
B8: 1 | C8: Vite + React 18 scaffold; install React Router v6, Axios, CSS Modules | D8: To Do | E8: High
B9: 2 | C9: Axios instance: base URL, JWT Authorization header interceptor, 401 redirect interceptor | D9: To Do | E9: High
B10: 3 | C10: JWT stored in React context (never localStorage); clear on logout | D10: To Do | E10: High
B11: 4 | C11: Login page: email + password form, inline validation, error toast (UC-001, UC-009, UC-014) | D11: To Do | E11: Medium
B12: 5 | C12: Signup page (Tester only): name, email, password, confirm password, role=Tester hardcoded (UC-013) | D12: To Do | E12: Medium
B13: 6 | C13: ProtectedRoute component: checks auth context, redirect to /login if unauthenticated | D13: To Do | E13: Medium
B14: 7 | C14: RoleRoute component: checks user role, shows 403 page if wrong role | D14: To Do | E14: Medium
B15: 8 | C15: Logout flow: POST /api/auth/logout, clear context, redirect to /login (UC-020) | D15: To Do | E15: Low
B16: 9 | C16: Reusable loading spinner and skeleton placeholder components | D16: To Do | E16: Low

Sheet S9-Admin
B2: Sprint 9 — Admin Dashboard
B3: Phase 2 — Frontend | AI-Powered Bug Tracker (AIBT-2026) | Check off tasks as you complete them
B4: Tasks | D4: Completed | F4: Progress
B5: Total Tasks: 10 | D5: =COUNTIF(D8:D17,"Done") | F5: =IFERROR(D5/10,"0%")
B7: # | C7: Task Description | D7: Status | E7: Priority | F7: Assigned To | G7: Notes
B8: 1 | C8: Admin dashboard layout: sidebar nav (Bugs, Manage Users, Logout) + topbar with avatar | D8: To Do | E8: High
B9: 2 | C9: Bug list table: ID, title, severity badge, status badge, assignee, date, actions (edit/delete) | D9: To Do | E9: High
B10: 3 | C10: Table client-side sort by any column and filter by status / severity pill chips | D10: To Do | E10: High
B11: 4 | C11: Add Bug modal form: title, description, severity, developer dropdown — POST /api/bugs (UC-003) | D11: To Do | E11: Medium
B12: 5 | C12: Edit Bug modal: pre-filled from selected row — PUT /api/bugs/{id} (UC-004) | D12: To Do | E12: Medium
B13: 6 | C13: Delete Bug: confirmation dialog with bug title — DELETE /api/bugs/{id} (UC-005) | D13: To Do | E13: Medium
B14: 7 | C14: Manage Users page: table of all users with Edit and Delete per row (UC-006) | D14: To Do | E14: Medium
B15: 8 | C15: Update User Profile modal: email + phone only — PUT /api/users/{id} (UC-007) | D15: To Do | E15: Low
B16: 9 | C16: Delete User: confirmation dialog — DELETE /api/users/{id} (UC-008) | D16: To Do | E16: Low
B17: 10 | C17: Toast notification system (success / error) on every API action | D17: To Do | E17: Low

Sheet S10-DevDash
B2: Sprint 10 — Developer Dashboard
B3: Phase 2 — Frontend | AI-Powered Bug Tracker (AIBT-2026) | Check off tasks as you complete them
B4: Tasks | D4: Completed | F4: Progress
B5: Total Tasks: 9 | D5: =COUNTIF(D8:D16,"Done") | F5: =IFERROR(D5/9,"0%")
B7: # | C7: Task Description | D7: Status | E7: Priority | F7: Assigned To | G7: Notes
B8: 1 | C8: Developer dashboard layout: sidebar (My Bugs, Logout) + topbar (UC-010) | D8: To Do | E8: High
B9: 2 | C9: Assigned bugs table: title, severity, status, test result, filed date, actions | D9: To Do | E9: High
B10: 3 | C10: Update Status: inline dropdown per row (Open/In Progress/Resolved/Closed) — PATCH (UC-011) | D10: To Do | E10: High
B11: 4 | C11: Confirmation popover before status change: current → new status preview | D11: To Do | E11: Medium
B12: 5 | C12: Email dispatch confirmation toast after status update | D12: To Do | E12: Medium
B13: 6 | C13: Bug detail page (click row): full bug info + AI Generated Test section (UC-012) | D13: To Do | E13: Medium
B14: 7 | C14: AI test script viewer: syntax-highlighted code block (highlight.js / Prism), Copy button | D14: To Do | E14: Medium
B15: 8 | C15: Test result section: PASS/FAIL badge, executedAt timestamp, scrollable log output | D15: To Do | E15: Low
B16: 9 | C16: Poll GET /api/bugs/{id}/test-result every 3s while PENDING; stop on PASS or FAIL | D16: To Do | E16: Low

Sheet S11-Tester
B2: Sprint 11 — Tester Dashboard
B3: Phase 2 — Frontend | AI-Powered Bug Tracker (AIBT-2026) | Check off tasks as you complete them
B4: Tasks | D4: Completed | F4: Progress
B5: Total Tasks: 9 | D5: =COUNTIF(D8:D16,"Done") | F5: =IFERROR(D5/9,"0%")
B7: # | C7: Task Description | D7: Status | E7: Priority | F7: Assigned To | G7: Notes
B8: 1 | C8: Tester dashboard: sidebar + stat cards (total filed, open count, AI tests, pass rate) | D8: To Do | E8: High
B9: 2 | C9: My bugs table: title, severity, status, test result, date, View + Cancel actions | D9: To Do | E9: High
B10: 3 | C10: Filter pills: All / Open / In Progress / Resolved — client-side filter (UC-015) | D10: To Do | E10: High
B11: 4 | C11: Submit Bug modal: title, plain-English description, severity, assign to dev — POST (UC-016) | D11: To Do | E11: Medium
B12: 5 | C12: AI generation feedback: spinner after submission, auto-refresh test result | D12: To Do | E12: Medium
B13: 6 | C13: Cancel Bug: confirmation dialog, PATCH /cancel, disable Cancel for Resolved/Withdrawn (UC-018) | D13: To Do | E13: Medium
B14: 7 | C14: Bug detail page: AI test script viewer + test result logs, read-only (UC-017) | D14: To Do | E14: Medium
B15: 8 | C15: Change Password modal: current, new, confirm — PATCH /api/users/password (UC-019) | D15: To Do | E15: Low
B16: 9 | C16: Inline validation on all forms: required, min-length, email format, password match | D16: To Do | E16: Low

Sheet S12-Polish
B2: Sprint 12 — Polish & QA
B3: Phase 2 — Frontend | AI-Powered Bug Tracker (AIBT-2026) | Check off tasks as you complete them
B4: Tasks | D4: Completed | F4: Progress
B5: Total Tasks: 10 | D5: =COUNTIF(D8:D17,"Done") | F5: =IFERROR(D5/10,"0%")
B7: # | C7: Task Description | D7: Status | E7: Priority | F7: Assigned To | G7: Notes
B8: 1 | C8: Responsive layout audit: all dashboards work at 1280px and 1024px minimum | D8: To Do | E8: High
B9: 2 | C9: Dark mode: CSS variables / media query implementation across all pages | D9: To Do | E9: High
B10: 3 | C10: Empty state illustrations for tables with zero results | D10: To Do | E10: High
B11: 4 | C11: Error boundary components: catch render errors, show friendly fallback UI | D11: To Do | E11: Medium
B12: 5 | C12: Accessibility pass: ARIA labels on all interactive elements, keyboard navigation for modals | D12: To Do | E12: Medium
B13: 6 | C13: Cross-browser test: Chrome, Firefox, Edge — verify JWT flow end-to-end | D13: To Do | E13: Medium
B14: 7 | C14: E2E smoke test: Tester signup → submit bug → AI test → Developer status update → Tester sees result | D14: To Do | E14: Medium
B15: 8 | C15: .env.production config (API base URL, AI key placeholder), README with setup steps | D15: To Do | E15: Low
B16: 9 | C16: Dockerfile for frontend (nginx) + docker-compose linking backend + frontend + PostgreSQL | D16: To Do | E16: Low
B17: 10 | C17: Final team review, bug bash, sign-off against all 20 use cases (UC-001 to UC-020) | D17: To Do | E17: Low
